,Dataset,AUC
0,Entrenamiento,0.7177508122467762
1,Prueba,0.7380887931049392
