,precision,recall,f1-score,support
0,0.734786557674841,0.6702568351284176,0.7010398613518198,1207.0
1,0.6259398496240601,0.6951983298538622,0.6587537091988132,958.0
accuracy,0.6812933025404158,0.6812933025404158,0.6812933025404158,0.6812933025404158
macro avg,0.6803632036494506,0.6827275824911399,0.6798967852753165,2165.0
weighted avg,0.686622517807567,0.6812933025404158,0.6823284831704894,2165.0
